Player,Id
A ime Vrsaljko,1
"A""liver Torres",2
"A""scar de Marcos",3
"A""scar Duarte",4
"A""scar Gil",5
"A""scar Melendo",6
"A""scar Mingueza",7
"A""scar RodrAguez Arnaiz",8
"A""scar Trejo",9
"A""scar ValentAn",10
Adeglkay GA 1/4ndoAYan,11
A++aAYlar SAPyA 1/4ncA 1/4,12
A%0der MilitAPSo,13
A%0derson,14
A%0dgar GonzA!lez,15
A%0dgar MA(c)ndez,16
A%0rik Lamela,17
A%0tienne Capoue,18
AdA!m Szalai,19
Alex Berenguer,20
Alex Cantero,21
Alex Collado,22
Alex FernA!ndez,23
Alex Moreno,24
Alvaro Bastida,25
Alvaro GarcAa,26
Alvaro GonzA!lez,27
Alvaro JimA(c)nez,28
Alvaro Morata,29
Alvaro Negredo,30
Alvaro Odriozola,31
Angel Correa,32
Angel Di MarAa,33
Angel Montoro,34
Angel RodrAguez,35
AA-ssa Mandi,36
AarA3n MartAn,37
Aaron Cresswell,38
Aaron Hickey,39
Aaron Lennon,40
Aaron Wan-Bissaka,41
AbdA3n Prats,42
Abdel Jalil Medioub,43
Abdelhamid Sabiri,44
Abdessamad Ezzalzouli,45
Abdou Diallo,46
Abdou Harroui,47
Abdoulaye Bamba,48
Abdoulaye DoucourA(c),49
Abdoulaye TourA(c),50
Abdourahmane Barry,51
Abdu ContA(c),52
Abdul Majeed Waris,53
Achraf Hakimi,54
Adam Armstrong,55
Adam Forshaw,56
Adam Idah,57
Adam Lallana,58
Adam MaruA!iA++,59
Adam Masina,60
Adam Obert,61
Adam Ounas,62
Adam Webster,63
Adama Soumaoro,64
Adama TraorA(c),65
Ademola Lookman,66
Adil Aouchiche,67
Adil Rami,68
Adnan Januzaj,69
Adri Embarba,70
Adrian GrbiA++,71
Adrien Rabiot,72
Adrien Silva,73
Adrien Tameze,74
Adrien Thomasson,75
Adrien Truffert,76
Aihen MuA+-oz,77
Aimen Moueffek,78
Ainsley Maitland-Niles,79
Aitor Ruibal,80
Ajdin Hrustic,81
Akim Zedadka,82
Alassane PlA(c)a,83
Albert GuAdegmundsson,84
Albert Sambi Lokonga,85
Alberth Elis,86
Alberto Grassi,87
Alberto Moreno,88
Alberto Perea,89
Alberto Soro,90
Albin Ekdal,91
AleA! MatA>jA-,92
Aleix Vidal,93
Alejandro Balde,94
Aleksa TerziA++,95
Aleksandar Sedlar,96
Aleksandr Golovin,97
Aleksei Miranchuk,98
Alessandro Bastoni,99
Alessandro Buongiorno,100
Alessandro Deiola,101
Alessandro Florenzi,102
Alessandro SchAPpf,103
Alessandro Zanoli,104
Alessio Romagnoli,105
Alex Ferrari,106
Alex Iwobi,107
Alex Oxlade-Chamberlain,108
Alex Petxa,109
Alex Sandro,110
Alex Telles,111
Alexander Djiku,112
Alexander Hack,113
Alexander Isak,114
"Alexander SA,rloth",115
Alexandre Lacazette,116
Alexis Claude-Maurice,117
Alexis Flips,118
Alexis Mac Allister,119
Alexis SA!nchez,120
Alexis Saelemaekers,121
Alexis Tibidi,122
Alfonso Espino,123
Alfonso Pedraza,124
AlfreAdeg Finnbogason,125
Alfred Duncan,126
Alidu Seidu,127
Allan,128
Allan Nyom,129
Allan Saint-Maximin,130
Almamy TourA(c),131
Alphonso Davies,132
Amadou Haidara,133
Amadou Mbengue,134
Amadou Onana,135
Amath,136
Ambroise Oyongo,137
Amine Adli,138
Amine Bassi,139
Amine Gouiri,140
Amine Harit,141
Amir Rrahmani,142
Amos Pieper,143
Anastasios Donis,144
Ander Barrenetxea,145
Ander Guevara,146
Ander Herrera,147
Anderson Lucoqui,148
Andi Zeqiri,149
Andoni Gorosabel,150
AndrA!s SchA$?fer,151
AndrA(c) Gomes,152
AndrA(c) Hahn,153
AndrA(c) Silva,154
AndrA(c)s Andrade CedeA+-o,155
AndrA(c)s Guardado,156
AndrA(c)s MartAn,157
Andrea Belotti,158
Andrea Cambiaso,159
Andrea Carboni,160
Andrea Conti,161
Andrea La Mantia,162
Andrea Masiello,163
Andrea Petagna,164
Andrea Pinamonti,165
Andrea Ranocchia,166
Andrea Schiavone,167
Andreas Christensen,168
Andreas Skov Olsen,169
Andreas Voglsammer,170
Andre-Frank Zambo Anguissa,171
Andrei Girotto,172
Andrej KramariA++,173
Andrew Gravillon,174
Andrew Omobamidele,175
Andrew Robertson,176
Andriy Yarmolenko,177
Andros Townsend,178
Andy Delort,179
Anel Ahmedhodzic,180
Angel Gomes,181
AngeliA+-o,182
Angelo Fulgini,183
Angelo Ogbonna,184
Angelo Stiller,185
Ansgar Knauff,186
Ansu Fati,187
Ante Budimir,188
Ante RebiA++,189
Anthony Caci,190
Anthony Elanga,191
Anthony Gordon,192
Anthony Losilla,193
Anthony Lozano,194
Anthony Martial,195
Anthony Modeste,196
Antoine Griezmann,197
Anton Stach,198
AntonAn BarA!k,199
Antonio BarragA!n,200
Antonio Candreva,201
Antonio Puertas,202
Antonio RA 1/4diger,203
Antonio Raillo,204
Antonio SA!nchez,205
Antonio Sanabria,206
Antonio Vacca,207
Anwar El Ghazi,208
Arber Zeneli,209
Ardian Ismajli,210
Arial Mendy,211
Aridane HernA!ndez,212
Aritz Elustondo,213
Arkadiusz Milik,214
Arkadiusz Reca,215
Armand Lauriente,216
Armando Broja,217
Armando Izzo,218
Armel Bella Kotchap,219
ArnA3r SigurAdegsson,220
Arnaud Kalimuendo,221
Arnaud Nordin,222
Arnaud Souquet,223
Arnaut Groeneveld,224
Arne Maier,225
Arthur,226
Arthur Masuaku,227
Arthur Melo,228
Arthur Theate,229
Arturo Vidal,230
Ashley Barnes,231
Ashley Westwood,232
Ashley Young,233
Asier Illarramendi,234
Asier Villalibre,235
Aster Vranckx,236
Atakan Karazor,237
Augusto Solari,238
AurA(c)lien TchouamA(c)ni,239
Axel Disasi,240
Axel Tuanzebe,241
Axel Witsel,242
Aymen Barkok,243
Aymeric Laporte,244
Ayoze PA(c)rez,245
Azor Matusiwa,246
Azzedine Ounahi,247
BA(c)ni Makouana,248
Bakary Sako,249
Bamba Dieng,250
Banzouzi Locko,251
Baptiste Santamaria,252
"Bartosz BereszyA,,ski",253
Bartosz Bialek,254
Bastian Oczipka,255
Batista Mendy,256
BeA+-at Turrientes,257
BebA(c),258
Ben Chilwell,259
Ben Davies,260
Ben Gibson,261
Ben Godfrey,262
Ben Johnson,263
Ben Mee,264
Ben White,265
Benjamin AndrA(c),266
Benjamin Bourigeaud,267
Benjamin HA 1/4bner,268
Benjamin Henrichs,269
Benjamin Pavard,270
Benno Schmitz,271
BenoA(r)t Badiashile,272
Berat Djimsiti,273
Bernardo Silva,274
Bertrand TraorA(c),275
Beto,276
Bilal Brahimi,277
Billy Gilmour,278
Birger Meling,279
Bonke Innocent,280
Borja Iglesias,281
Borja Mayoral,282
Borna Sosa,283
Bosko Sutalo,284
Boubacar Kamara,285
Boubacar TraorA(c),286
Boubakar KouyatA(c),287
Boubakary SoumarA(c),288
Boulaye Dia,289
Bradley Barcola,290
Brahim DAaz,291
Brais MA(c)ndez,292
Bram Nuytinck,293
Brandon Domingues,294
Brandon Soppy,295
Brandon Williams,296
Branimir Hrgota,297
Breel Embolo,298
Brendan Chardonnet,299
Brian Brobbey,300
Brian OlivA!n,301
Bruno Fernandes,302
Bruno GuimarAPSes,303
Bryan,304
Bryan Cristante,305
Bryan Lasme,306
Bryan Mbeumo,307
Bukayo Saka,308
Burak Adegnce,309
Burak YA+-lmaz,310
CA(c)dric Bakambu,311
CA(c)dric Brunner,312
CA(c)dric Hountondji,313
CA(c)dric Soares,314
CA(c)sar Azpilicueta,315
Caio Henrique Oliveira Silva,316
Cala,317
Caleb Ekuban,318
Callum Hudson-Odoi,319
Callum Wilson,320
Calum Chambers,321
Calvin Stengs,322
Carles AleA+-A!,323
Carles PA(c)rez,324
Carlos Akapo,325
Carlos Bacca,326
Carlos Clerc,327
Carlos Dominguez,328
Carlos Gruezo,329
Carlos Neva,330
Carlos Soler,331
Carney Chukwuemeka,332
Casemiro,333
Casimir Ninga,334
Castello Lukeba,335
Catena,336
Cedric Gondo,337
Cedric Itten,338
Cedric Teuchert,339
Cengiz Aoender,340
Chapela,341
Charalambos Lykogiannis,342
Charles ArA!nguiz,343
Charles Traore,344
Charlie Cresswell,345
Charlie Goode,346
Charlie Taylor,347
Che Adams,348
Cheick DoucourA(c),349
Cheikh Tidiane Sabaly,350
Cheikhou KouyatA(c),351
Chimuanya Ugochukwu,352
Chiquinho,353
Chris FA 1/4hrich,354
Chris Richards,355
Chris Smalling,356
Chris Wood,357
Chrislain Matsima,358
Christian Benteke,359
Christian Eriksen,360
Christian GA 1/4nter,361
Christian Kabasele,362
"Christian NA,rgaard",363
Christian Pulisic,364
Christoph Baumgartner,365
Christoph Kramer,366
Christophe HA(c)relle,367
Christopher Antwi-Adjei,368
Christopher Lenz,369
Christopher Nkunku,370
Christopher Trimmel,371
Christopher Wooh,372
Christos Tzolis,373
Ciaran Clark,374
Ciro Immobile,375
ClA(c)ment Lenglet,376
Coke,377
Connor Roberts,378
Conor Coady,379
Conor Gallagher,380
Corentin Jean,381
Corentin Tolisso,382
Craig Cathcart,383
Craig Dawson,384
Cristhian Mosquera,385
Cristian Ansaldi,386
Cristian Gamboa,387
Cristian Molinaro,388
Cristian Romero,389
Cristian Tello,390
Cristiano Biraghi,391
Cristiano Piccini,392
Cristiano Ronaldo,393
Crysencio Summerville,394
Cucho,395
Curtis Jones,396
DA!vid Strelec,397
Daan Heymans,398
DAdac VilA ,399
Daichi Kamada,400
Dalbert Henrique,401
Daley Sinkgraven,402
DamiA!n SuA!rez,403
Damien Da Silva,404
Dan Burn,405
Dan-Axel Zagadou,406
Dango Ouattara,407
Dani Alves,408
Dani Carvajal,409
Dani Ceballos,410
Dani GA3mez,411
Dani GarcAa,412
Dani Olmo,413
Dani Raba,414
Dani RodrAguez,415
Daniel Amartey,416
Daniel Bessa,417
Daniel Brosinski,418
Daniel Caligiuri,419
Daniel Didavi,420
Daniel James,421
Daniel Maldini,422
Daniel Parejo,423
Daniel Podence,424
Daniel Vivian,425
Daniel Wass,426
Daniele Baselli,427
Daniele Rugani,428
Daniele Verde,429
Danilo,430
Danilo Cataldi,431
Danilo D'Ambrosio,432
Danilo Pereira,433
Danilo Soares,434
Danny Blum,435
Danny da Costa,436
Danny Ings,437
Danny Rose,438
Danny Welbeck,439
Dante,440
Danylo Ihnatenko,441
DarAo Benedetto,442
DarAo Poveda,443
Darko BraA!anac,444
Darko LazoviA++,445
Darwin MachAs,446
David Alaba,447
David GarcAa,448
David LA3pez,449
David Nemeth,450
David Okereke,451
David Pereira da Costa,452
David Raum,453
David Silva,454
David Timor,455
David Zima,456
Davide Biraschi,457
Davide Calabria,458
Davide Faraoni,459
Davide Frattesi,460
Davide Zappacosta,461
Davie Selke,462
Davinson SA!nchez,463
Dayot Upamecano,464
Declan Rice,465
Dedryck Boyata,466
Deiver Machado,467
Dejan Kulusevski,468
Dejan Ljubicic,469
Dele Alli,470
Demarai Gray,471
Demba Seck,472
Denis Bouanga,473
Denis Cheryshev,474
Denis SuA!rez,475
Denis Zakaria,476
Dennis Appiah,477
Dennis Geiger,478
Dennis Jastrzembski,479
Dennis Johnsen,480
Dennis Praet,481
Denso Kasius,482
Denzel Dumfries,483
Deyovaisio Zeefuik,484
Diadie SamassA(c)kou,485
Dickson Abiama,486
Didier Lamkel ZA(c),487
Diego Carlos,488
Diego Demme,489
Diego GodAn,490
Diego GonzA!lez,491
Diego Lainez,492
Diego Llorente,493
Diego Perotti,494
Diego Rico,495
Dimitri Foulquier,496
Dimitri LiA(c)nard,497
Dimitri Payet,498
Dimitris Giannoulis,499
Dimitris Nikolaou,500
Diogo Dalot,501
Diogo Jota,502
Dion Lopy,503
Dion Moise Sahi,504
Divock Origi,505
DjenA(c),506
Djibril SidibA(c),507
Djibril Sow,508
Dodi Lukebakio,509
Domagoj BradariA++,510
Domen AOErnigoj,511
Domenico Berardi,512
Domenico Criscito,513
Domingos Duarte,514
Dominic Calvert-Lewin,515
Dominik Kohr,516
Dominik Szoboszlai,517
Dominique Heintz,518
Donny van de Beek,519
Donyell Malen,520
Dor Peretz,521
Douglas Luiz,522
Dries Mertens,523
DuA!an VlahoviA++,524
Duje A+aleta-Car,525
DuvA!n Zapata,526
Dwight McNeil,527
Dylan Bronn,528
Dylan Chambost,529
E~tefan Radu,530
Eberechi Eze,531
Ebrima Colley,532
Eddie Nketiah,533
Eddie Salcedo,534
Eden Hazard,535
Edimilson Fernandes,536
Edin DA 3/4eko,537
Edinson Cavani,538
Edmond Tapsoba,539
Edo Kayembe,540
Edoardo Goldaniga,541
Edoardo Vergani,542
Edon Zhegrova,543
Eduard LAPwen,544
Eduardo Camavinga,545
El Bilal TourA(c),546
Elba Rashani,547
Eldor Shomurodov,548
Eliaquim Mangala,549
Elif Elmas,550
Eliot Matazo,551
Ellyes Skhiri,552
Elseid Hysaj,553
Elvis RexhbeASSaj,554
Emanuel Vignato,555
Emerson,556
Emerson Palmieri,557
Emi BuendAa,558
Emil Bohinen,559
Emil Forsberg,560
Emil Krafth,561
Emile Smith Rowe,562
Emmanuel Dennis,563
Emmanuel Gyasi,564
Emre Can,565
Enes Aoenal,566
Enis Bardhi,567
Enock Kwateng,568
Enock Mwepu,569
Enric Franquesa,570
Enzo Ebosse,571
Enzo Le FA(c)e,572
Enzo Roco,573
Eray CAPmert,574
Erhan MaA!oviA++,575
Eric Dier,576
Eric GarcAa,577
Eric Maxim Choupo-Moting,578
Erick Cabaco,579
Erick Pulgar,580
Erik Durm,581
Erik Palmer-Brown,582
Erik Pieters,583
Erik Thommy,584
Erling Haaland,585
Ermedin DemiroviA++,586
Ernesto Torregrossa,587
Esteban Saveljich,588
Ethan Ampadu,589
Ethan Pinnock,590
Evann Guessand,591
Exequiel Palacios,592
Ezequiel Avila,593
Ezequiel Ponce,594
Ezri Konsa,595
FA!bio,596
FA!bio Silva,597
FabiA!n Ruiz PeA+-a,598
Fabian Delph,599
Fabian Klos,600
Fabian Kunze,601
Fabian SchA$?r,602
Fabiano Parisi,603
Fabien Centonze,604
Fabien Lemoine,605
Fabinho,606
Fabio Depaoli,607
Fabio Miretti,608
Fabio Quagliarella,609
Facundo Medina,610
Facundo Pellistri,611
Falaye Sacko,612
Fali,613
Fali CandA(c),614
Faouzi Ghoulam,615
Farid Boulaya,616
Fede San Emeterio,617
Federico Bernardeschi,618
Federico Bonazzoli,619
Federico Ceccherini,620
Federico Chiesa,621
Federico Di Francesco,622
Federico Dimarco,623
Federico Fazio,624
Federico FernA!ndez,625
Federico Valverde,626
Felipe,627
Felipe Anderson,628
Felipe Caicedo,629
Felix Afena-Gyan,630
Felix Kalu Nmecha,631
Felix Passlack,632
Ferland Mendy,633
Fernandinho,634
Fernando,635
Fernando Calero,636
Fernando MarASSal,637
Fernando NiA+-o,638
FerrA!n Torres,639
Fidel,640
Fikayo Tomori,641
Filip AuriAiA++,642
Filip KostiA++,643
Filippo Bandinelli,644
Filippo Delli Carri,645
Filippo Melegoni,646
Flavien Tait,647
Flavio Junior Bianchi,648
Flavius Daniliuc,649
Florent Mollet,650
Florent Ogier,651
Florentino LuAs,652
Florian Grillitsch,653
Florian Kainz,654
Florian KrA 1/4ger,655
Florian Lejeune,656
Florian Neuhaus,657
Florian Niederlechner,658
Florian Sotoca,659
Florian Tardieu,660
Florian Wirtz,661
Florin Andone,662
FodA(c) Ballo-TourA(c),663
Fran BeltrA!n,664
Fran MA(c)rida,665
Francesco Acerbi,666
Francesco Caputo,667
Francesco Di Tacchio,668
Francesco Forte,669
Francesco Magnanelli,670
Francis Coquelin,671
Francisco Garcia,672
Francisco Sierralta,673
Francisco TrincAPSo,674
Franck Honorat,675
Franck KessiA(c),676
Franck RibA(c)ry,677
Franco Cervi,678
Franco Russo,679
Frank Onyeka,680
FransA(c)rgio,681
Fraser Hornby,682
Fred,683
Freddie Veseli,684
Frederic Guilbert,685
"Fredrik AndrA(c) BjA,rkan",686
Fredrik Jensen,687
Frenkie de Jong,688
GaA<<l Kakuta,689
GaA<<tan Laborde,690
Gabriel Dos Santos,691
Gabriel Gudmundsson,692
Gabriel Jesus,693
Gabriel Paulista,694
Gabriel Silva,695
Gabriel Veiga,696
Gabriele Zappa,697
Gaetano Castrovilli,698
Gareth Bale,699
Gary Medel,700
GastA3n Pereiro,701
Gavi,702
Gelson Martins,703
Genki Haraguchi,704
Geoffrey Kondogbia,705
George Bello,706
Georginio Rutter,707
Georginio Wijnaldum,708
Gerard Deulofeu,709
Gerard Gumbau,710
Gerard Moreno,711
Gerard PiquA(c),712
GermA!n Pezzella,713
GermA!n SA!nchez,714
Gerrit Holtmann,715
Gerson,716
Gerson Rodrigues,717
Gerzino Nyamsi,718
Ghislain Konan,719
Giacomo Bonaventura,720
Giacomo Raspadori,721
Gian Marco Ferrari,722
Giangiacomo Magnani,723
Gianluca Busio,724
Gianluca Caprari,725
Gian-Luca Itter,726
Gianluca Mancini,727
Gianluca Scamacca,728
Gideon Jung,729
Gideon Mensah,730
Gio Reyna,731
Giorgio Altare,732
Giorgio Chiellini,733
Giorgio Scalvini,734
Giorgos Kyriakopoulos,735
Giovani Lo Celso,736
Giovanni Di Lorenzo,737
Giovanni GonzA!lez,738
Giovanni Simeone,739
Giulian Biancone,740
Giulio Maggiore,741
Giuseppe Pezzella,742
Gleison Bremer,743
GonASSalo Guedes,744
GonASSalo PaciAancia,745
Gonzalo Castro,746
Gonzalo Escalante,747
Gonzalo Melero,748
Gonzalo Montiel,749
Gonzalo VerdAo,750
Gonzalo Villar,751
Goran Pandev,752
GrA(c)goire Defrel,753
Granit Xhaka,754
Grant Hanley,755
Grejohn Kyei,756
Grigoris Kastanos,757
Grischa PrAPmel,758
Guido Carrillo,759
Guido RodrAguez,760
Guilherme Ramos,761
Guillermo MaripA!n,762
HAY=vard Nielsen,763
HAY=vard Nordtveit,764
HA(c)ctor BellerAn,765
HA(c)ctor Herrera,766
HA(c)lder Costa,767
Habib Diallo,768
Habib MaA-ga,769
Hakan A++alhanoAYlu,770
Hakim Ziyech,771
Hamadi Al Ghaddioui,772
Hamari TraorA(c),773
"Hamed Junior TraorA""",774
Hamza Choudhury,775
Hannes Wolf,776
Hans Hateboer,777
Hans Nunoo Sarpei,778
Haris Belkebla,779
Harold Moukoudi,780
Harry Kane,781
Harry Maguire,782
Harry Winks,783
Harvey Barnes,784
Harvey Elliott,785
Hassane Kamara,786
Hatem Ben Arfa,787
Helibelton Palacios,788
Henrikh Mkhitaryan,789
Henrique,790
Herbert Bockhorn,791
Hernani,792
Hianga Mananga Mbock,793
Hicham Boudaoui,794
Hiroki Ito,795
Hirving Lozano,796
Houboulang Mendes,797
Houssem Aouar,798
Hugo Duro,799
Hugo Ekitike,800
Hugo GuillamA3n,801
Hugo Magnetti,802
Hugo Mallo,803
Hugo Novoa,804
Hwang Hee-chan,805
Hwang Ui-jo,806
IA+-aki Williams,807
IA+-igo Lekue,808
IA+-igo MartAnez,809
IA+-igo PA(c)rez,810
IA+-igo Ruiz de Galarreta,811
Iago,812
Iago Aspas,813
Ibrahim Amadou,814
Ibrahima Diallo,815
Ibrahima KonA(c),816
Ibrahima KonatA(c),817
Ibrahima Mbaye,818
Ibrahima Niane,819
Ibrahima Sissoko,820
Iddrisu Baba,821
Idrissa Gana Gueye,822
Iglesias,823
Ignacio Pussetto,824
Ignatius Ganago,825
Igor,826
Igor Carioca,827
Igor Zubeldia,828
Ihlas Bebou,829
Ike Ugbo,830
Iker Muniain,831
Ilaix Moriba,832
Ilan Kebbal,833
Ilija Nestorovski,834
Imran Louza,835
Irvin Cardona,836
Isaac Carcelen,837
Isaac Hayden,838
Isaac Lihadji,839
Isaac PalazA3n Camacho,840
Isaac Success,841
Isco,842
Ishak Belfodil,843
Islam Slimani,844
Isma Ruiz,845
IsmaA<<l Bennacer,846
IsmaA<<l TraorA(c),847
IsmaA<<lben Boura,848
Ismail Jakobs,849
Ismaila Sarr,850
Issa Diop,851
Issa KaborA(c),852
Issouf Sissokho,853
IvA!n Alejo,854
IvA!n Balliu,855
IvA!n Marcone,856
IvA!n MartAn,857
IvA!n Romero,858
Ivan IliA++,859
Ivan PeriA!iA++,860
Ivan RadovanoviA++,861
Ivan RakitiA++,862
Ivan Toney,863
Iyenoma Udogie,864
JA(c)rA'me Boateng,865
JA(c)rA'me Hergault,866
JA(c)rA'me Roussillon,867
JA(c)rA(c)my Le Douaron,868
JA(c)rA(c)my Morel,869
JA 1/4rgen Locadia,870
JA3hann Berg GuAdegmundsson,871
Jack Cork,872
Jack Grealish,873
Jack Harrison,874
Jack Stephens,875
Jacob Barrett Laursen,876
Jacob Bruun Larsen,877
Jacob Murphy,878
Jacob Ramsey,879
Jacopo Sala,880
Jadon Sancho,881
Jaime Mata,882
"Jakob SA,rensen",883
Jakub Jankto,884
Jakub Kiwior,885
Jakub Moder,886
Jamaal Lascelles,887
Jamal Lewis,888
Jamal Musiala,889
James Justin,890
James Maddison,891
James McArthur,892
James Milner,893
James Tarkowski,894
James Tomkins,895
James Ward-Prowse,896
Jamie Leweling,897
Jamie Shackleton,898
Jamie Vardy,899
Jan Bednarek,900
Jan MorA!vek,901
Jan Thielmann,902
Janik Haberer,903
Janis Antiste,904
Jannes Horn,905
Janni Serra,906
Jannik Vestergaard,907
Japhet Tanganga,908
Jarrad Branthwaite,909
Jarrod Bowen,910
Jason,911
Jason Berthomier,912
Jason Denayer,913
Jaume Costa,914
JavairA' Dilrosun,915
Javi GalA!n,916
Javi LA3pez,917
Javi MartAnez,918
Javi Puado,919
Javier LlabrA(c)s,920
Javier Manquillo,921
Javier Pastore,922
Jay Rodriguez,923
Jean Lucas,924
Jean Onana,925
Jean-Armel Kana-Biyik,926
Jean-Charles Castelletto,927
Jean-Clair Todibo,928
Jean-Claude Billong,929
Jean-Daniel Akpa-Akpro,930
Jean-Eudes Aholou,931
Jean-Kevin Duverne,932
Jean-Paul BoA<<tius,933
Jean-Philippe Krasso,934
Jean-Philippe Mateta,935
Jean-Pierre Nsame,936
Jean-Ricner Bellegarde,937
Jean-Victor Makengo,938
Jeff Reine-AdA(c)laA-de,939
Jeffrey Gouweleeuw,940
Jeffrey Schlupp,941
Jeison Murillo,942
Jemerson,943
Jens Cajuste,944
"Jens JA,nsson",945
Jens Petter Hauge,946
Jens Stryger Larsen,947
Jeong Woo-yeong,948
Jerdy Schouten,949
Jere Uronen,950
Jeremie Boga,951
Jeremie Frimpong,952
Jeremy Doku,953
Jeremy Dudziak,954
Jeremy Ngakia,955
Jeremy Toljan,956
Jerry St. Juste,957
JesAos Corona,958
JesAos Navas,959
JesAos Vallejo,960
"Jesper LindstrA,m",961
Jesse Lingard,962
Jessic Ngankam,963
Jesus Vazquez,964
Jetro Willems,965
Jim Allevinah,966
Jimmy Briand,967
Jimmy Cabot,968
Jimmy Giraudon,969
JoA!ko Gvardiol,970
JoAPSo Cancelo,971
JoAPSo FA(c)lix,972
JoAPSo Moutinho,973
JoAPSo Pedro,974
JoA<<l Matip,975
JoA<<l Veltman,976
Joachim Andersen,977
Joakim MA|hle,978
Joakim Nilsson,979
Joan JordA!n,980
Joan Sastre Vanrell,981
JoaquAn,982
JoaquAn Correa,983
Jodel Dossou,984
Joe Gelhardt,985
Joe Gomez,986
Joe Scally,987
Joe Willock,988
Joel Obi,989
Joel Ward,990
Joelinton,991
Johan Gastien,992
Johan Mojica,993
Johan VA!squez,994
John Brooks,995
John Guidetti,996
John McGinn,997
John Stones,998
Jon Guridi,999
Jon Moncayola,1000
Jon Pacheco,1001
Jon Rowe,1002
Jonas Hector,1003
Jonas Hofmann,1004
Jonas Martin,1005
Jonas Wind,1006
Jonathan Bamba,1007
Jonathan Burkardt,1008
Jonathan Clauss,1009
Jonathan David,1010
Jonathan Gradit,1011
Jonathan Iglesias,1012
Jonathan Ikone,1013
Jonathan Schmid,1014
Jonathan Silva,1015
Jonathan Tah,1016
Jonjo Shelvey,1017
Jonjoe Kenny,1018
Jonny Castro,1019
Jonny Evans,1020
Jordan Amavi,1021
Jordan Ayew,1022
Jordan Ferri,1023
Jordan Henderson,1024
Jordan Lotomba,1025
Jordan Tell,1026
Jordan Torunarigha,1027
Jordan Veretout,1028
Jordi Alba,1029
Jordi Mboula,1030
Jorge Cuenca,1031
Jorge de Frutos,1032
Jorge MerA(c),1033
Jorge MiramA3n,1034
Jorge Molina,1035
Jorginho,1036
Joris Chotard,1037
JosA(c) Angel,1038
JosA(c) CallejA3n,1039
JosA(c) CampaA+-a,1040
JosA(c) FontA!n,1041
JosA(c) Fonte,1042
JosA(c) Juan MacAas,1043
JosA(c) Luis GarcAa VayA!,1044
JosA(c) Luis GayA ,1045
JosA(c) Luis Morales,1046
JosA(c) Luis Palomino,1047
JosA(c) MarAa GimA(c)nez,1048
JosA(c) Mari,1049
Josan,1050
Joseba ZaldAoa,1051
Joselu,1052
Josema,1053
Joseph Aidoo,1054
Josh Brownhill,1055
Josh Dasilva,1056
Josh Sargent,1057
Joshua Kimmich,1058
Joshua King,1059
Josip Brekalo,1060
Josip IliAiA++,1061
Josip StaniA!iA++,1062
Josuha Guilavogui,1063
Juan Bernat,1064
Juan Cruz Armada,1065
Juan Cuadrado,1066
Juan Foyth,1067
Juan Ignacio RamArez,1068
Juan Jesus,1069
Juan Mata,1070
Juan Miranda,1071
Juanmi,1072
Jude Bellingham,1073
Julen Lobete,1074
Jules KoundA(c),1075
Julian Brandt,1076
Julian Chabot,1077
Julian Draxler,1078
Julian Green,1079
Julian Ryerson,1080
Julien Faussurier,1081
Julien Laporte,1082
Junior Dina Ebimbe,1083
Junior Firpo,1084
Junior Messias,1085
Junior Sambia,1086
Juraj Kucka,1087
Jurgen Ekkelenkamp,1088
Justin Kluivert,1089
JutglA ,1090
KA(c)vin Gameiro,1091
KA(c)vin Malcuit,1092
KA(c)vin N'Doram,1093
KA(c)vin Rodrigues,1094
Kaan Ayhan,1095
Kai Havertz,1096
Kaio Jorge,1097
Kalidou Koulibaly,1098
Kalifa Coulibaly,1099
Kalvin Phillips,1100
Kamaldeen Sulemana,1101
Kamory Doumbia,1102
Karim Azamoum,1103
Karim Bellarabi,1104
Karim Benzema,1105
Karim Onisiwo,1106
Karim Rekik,1107
Karl Toko Ekambi,1108
Karol Fila,1109
Karol Linetty,1110
Kasper Dolberg,1111
Keidi Bare,1112
Keita BaldA(c),1113
Kelechi Iheanacho,1114
Kelvin Amian,1115
Kelvin Yeboah,1116
Ken Sema,1117
Kenny McLean,1118
Kerem Demirbay,1119
Keven Schlotterbeck,1120
Kevin Agudelo,1121
Kevin Akpoguma,1122
Kevin Behrens,1123
Kevin Bonifazi,1124
Kevin Danso,1125
Kevin De Bruyne,1126
Kevin Kampl,1127
Kevin Lasagna,1128
Kevin Long,1129
Kevin MAPhwald,1130
Kevin Mbabu,1131
Kevin Schade,1132
Kevin StAPger,1133
Kevin Strootman,1134
Kevin VA!zquez,1135
Kevin Vogt,1136
Kevin Volland,1137
Kevin-Prince Boateng,1138
KhA(c)phren Thuram-Ulie,1139
Kieran Dowell,1140
Kieran Tierney,1141
Kieran Trippier,1142
Kiernan Dewsbury-Hall,1143
Ki-Jana Hoever,1144
Kike,1145
Kike Barja,1146
Kike PA(c)rez,1147
Kiko FemenAa,1148
Kiliann Sildillia,1149
Kingsley Coman,1150
Kingsley Ehizibue,1151
Kingsley Schindler,1152
Koba Koindredi,1153
Koffi Djidji,1154
Koke,1155
Konrad De La Fuente,1156
Konrad Laimer,1157
Konstantinos Mavropanos,1158
Koray GA 1/4nter,1159
Kortney Hause,1160
Kostas Stafylidis,1161
Kostas Tsimikas,1162
Kouadio KonA(c),1163
KrA(c)pin Diatta,1164
Kristijan JakiA++,1165
Kristjan Asllani,1166
Kristoffer Ajer,1167
Kristoffer Askildsen,1168
Krzysztof PiA...tek,1169
Kurt Zouma,1170
Kyle Walker,1171
Kyle Walker-Peters,1172
Kylian MbappA(c),1173
LA!szlA3 BA(c)nes,1174
LA(c)o Leroy,1175
LA(c)o PA(c)trot,1176
Lago Junior,1177
Lamine Gueye,1178
Landry Dimata,1179
Lars Stindl,1180
Lassana Coulibaly,1181
Lasse GA 1/4nther,1182
Laurent Abergel,1183
Laurent Koscielny,1184
Lautaro MartAnez,1185
Lazar Samardzic,1186
Leander Dendoncker,1187
Leandro Barreiro Martins,1188
Leandro Cabrera,1189
Leandro Paredes,1190
Leandro Trossard,1191
Lebo Mothiba,1192
Lee Jae-sung,1193
Lee Kangin,1194
Lenny Joseph,1195
Leo A tulac,1196
Leo Dubois,1197
Leo Skiri A~stigAY=rd,1198
Leon Bailey,1199
Leon Goretzka,1200
Leonardo Balerdi,1201
Leonardo Bonucci,1202
Leonardo Capezzi,1203
Leonardo Mancuso,1204
Leonardo Pavoletti,1205
Leroy SanA(c),1206
Levin A-ztunalA+-,1207
Lewis Dunk,1208
Liam Cooper,1209
Liam Henderson,1210
Liberato Cacace,1211
Lilian Brassier,1212
Linus Gechter,1213
Lionel Messi,1214
LoA-c Bade,1215
Loren MorA3n,1216
Lorenz Assignon,1217
Lorenzo De Silvestri,1218
Lorenzo Insigne,1219
Lorenzo Pellegrini,1220
Lorenzo Tonelli,1221
Lorenzo Venuti,1222
Louis Beyer,1223
Louis Mafouta,1224
Louis Schaub,1225
Lovro Majer,1226
Luan Peres Petroni,1227
Luca Ceppitelli,1228
Luca Fiordilino,1229
Luca Kilian,1230
Luca Netz,1231
Luca Pellegrini,1232
Luca Ranieri,1233
Luca Waldschmidt,1234
Lucas Alario,1235
Lucas BoyA(c),1236
Lucas Da Cunha,1237
Lucas Digne,1238
Lucas Gourna-Douath,1239
Lucas HAPler,1240
Lucas HernA!ndez,1241
Lucas Leiva,1242
Lucas MartAnez Quarta,1243
Lucas Moura,1244
Lucas Ocampos,1245
Lucas Olaza,1246
Lucas PA(c)rez,1247
Lucas PaquetA!,1248
Lucas Perrin,1249
Lucas TorrA3,1250
Lucas Torreira,1251
Lucas Tousart,1252
Lucas VA!zquez,1253
Lucien Agoume,1254
Ludovic Ajorque,1255
Ludovic Blas,1256
Ludwig Augustinsson,1257
Luis Abram,1258
Luis Alberto,1259
Luis Binks,1260
Luis DAaz,1261
Luis Henrique,1262
Luis HernA!ndez,1263
Luis Javier SuA!rez,1264
Luis Milla,1265
Luis Muriel,1266
Luis Rioja,1267
Luis SuA!rez,1268
Luiz Felipe,1269
Luka Bogdan,1270
Luka JoviA++,1271
Luka MilivojeviA++,1272
Luka ModriA++,1273
Lukas KA 1/4bler,1274
Lukas KlA 1/4nter,1275
Lukas Klostermann,1276
Lukas Nmecha,1277
Lukas Rupp,1278
Luke Ayling,1279
Luke Shaw,1280
Luke Thomas,1281
Luuk de Jong,1282
Lyanco,1283
Lys Mousset,1284
MA!rio Rui,1285
MA!rton DA!rdai,1286
MA<<rgim Vojvoda,1287
"Mads Bech SA,rensen",1288
Mads Pedersen,1289
Mads Roerslev,1290
Mahdi Camara,1291
Mahmoud Dahoud,1292
Makoto Hasebe,1293
Malang Sarr,1294
Malo Gusto,1295
Mama Samba BaldA(c),1296
Mamadou Coulibaly,1297
Mamadou Loum,1298
Mamadou Sakho,1299
Mamadou Sylla,1300
Manolo Gabbiadini,1301
Manolo Portanova,1302
Manu GarcAa,1303
Manu Morlanes,1304
Manu Trigueros,1305
Manu Vallejo,1306
Manuel Akanji,1307
Manuel Gulde,1308
Manuel Lanzini,1309
Manuel Lazzari,1310
Manuel Locatelli,1311
Manuel Prietl,1312
Manuel SA!nchez,1313
MaranhAPSo,1314
Marash Kumbulla,1315
Marc Albrighton,1316
Marc Bartra,1317
Marc Cucurella,1318
Marc GuA(c)hi,1319
Marc Roca,1320
Marcel Halstenberg,1321
Marcel Sabitzer,1322
Marcelo BrozoviA++,1323
Marcelo_Bordeaux,1324
Marcelo_RM,1325
Marco Asensio,1326
Marco Benassi,1327
Marco MeyerhAPfer,1328
Marco Modolo,1329
Marco Reus,1330
Marco Richter,1331
Marco Verratti,1332
Marc-Oliver Kempf,1333
Marcos AcuA+-a,1334
Marcos Alonso,1335
Marcos Llorente,1336
Marcus Coco,1337
Marcus Forss,1338
Marcus Ingvartsen,1339
Marcus Rashford,1340
Marcus Thuram,1341
Mariano,1342
Marin JakoliA!,1343
Marin PongraAiA++,1344
Mario Gaspar,1345
Mario Hermoso,1346
Mario HernA!ndez,1347
Mario Lemina,1348
Mario PaA!aliA++,1349
Mario SuA!rez,1350
Marius Wolf,1351
Mark Noble,1352
Mark Uth,1353
Marko ArnautoviA++,1354
Marko Pjaca,1355
Marko Rog,1356
Marquinhos,1357
Marshall Munetsi,1358
MartAn,1359
MartAn CA!ceres,1360
MartAn Montoya,1361
MartAn Zubimendi,1362
Marten de Roon,1363
Martin A~degaard,1364
Martin Adeline,1365
Martin Agirregabiria,1366
Martin Erlic,1367
Martin Hinteregger,1368
Martin Hongla,1369
Martin Satriano,1370
Martin Terrier,1371
Martin Valjent,1372
Martinelli,1373
Marvelous Nakamba,1374
Marvin Friedrich,1375
Marvin Plattenhardt,1376
Marvin Zeegelaar,1377
Masaya Okugawa,1378
Mason Greenwood,1379
Mason Holgate,1380
Mason Mount,1381
Massadio HaA-dara,1382
MatA>j Vydra,1383
MatAas Vecino,1384
MatAas ViA+-a,1385
Mateo Klimowicz,1386
Mateo KovaAiA++,1387
Mateusz Klich,1388
MathAas Olivera,1389
Matheus Cunha,1390
Matheus Henrique,1391
"Mathias JA,rgensen",1392
Mathias Jensen,1393
Mathias Normann,1394
Mathias Pereira Lage,1395
Matias Arezo,1396
Matija NastasiA++,1397
Mato Jajalo,1398
Mats Hummels,1399
Matt Doherty,1400
Matt Miazga,1401
Matt Ritchie,1402
Matt Targett,1403
MattA(c)o Guendouzi,1404
Matteo Cancellieri,1405
Matteo Darmian,1406
Matteo Gabbia,1407
Matteo Lovato,1408
Matteo Pessina,1409
Matteo Politano,1410
Matteo Ruggeri,1411
Matthew Hoppe,1412
Matthew Lowton,1413
Matthias Ginter,1414
Matthieu Udol,1415
Matthijs de Ligt,1416
Matthis Abline,1417
Mattia Aramu,1418
Mattia Bani,1419
Mattia Caldara,1420
Mattia De Sciglio,1421
Mattia Destro,1422
Mattia Viti,1423
Mattia Zaccagni,1424
Mattias Svanberg,1425
Matty Cash,1426
Mauro Arambarri,1427
Mauro Icardi,1428
Max Aarons,1429
Max Christiansen,1430
Max Kilman,1431
Max Kruse,1432
Maxence Caqueret,1433
Maxence Lacroix,1434
Maxi GA3mez,1435
Maxim Leitsch,1436
Maxime Busi,1437
"Maxime EstA""ve",1438
Maxime Gonalons,1439
Maxime Le Marchand,1440
Maxime Lopez,1441
Maximilian Arnold,1442
Maximilian Bauer,1443
Maximilian Eggestein,1444
Maximilian MittelstA$?dt,1445
Maximilian Philipp,1446
Maximilian Ullmann,1447
Maxwel Cornet,1448
Maya Yoshida,1449
M'Bala Nzola,1450
M'Baye Niang,1451
Mehdi Bourabia,1452
Melvin Bard,1453
Memphis,1454
Merih Demiral,1455
Mert MA 1/4ldA 1/4r,1456
Mexer,1457
Michael Gregoritsch,1458
Michael Keane,1459
Michael Olise,1460
Michael Svoboda,1461
Michail Antonio,1462
Michel Aebischer,1463
MickaA<<l Cuisance,1464
Mickael Malsa,1465
Mickael Nade,1466
Mickey van de Ven,1467
Miguel,1468
Miguel AlmirA3n,1469
Miguel Trauco,1470
Miguel Veloso,1471
Mihailo RistiA++,1472
Mikel Balenziaga,1473
Mikel Merino,1474
Mikel Oyarzabal,1475
Mikel Vesga,1476
Mikkel Damsgaard,1477
Milan A kriniar,1478
Milan AuriA++,1479
Milan Badelj,1480
MiloA! PantoviA++,1481
Milot Rashica,1482
Milutin OsmajiA++,1483
Mitchel Bakker,1484
Mitchell Dijks,1485
Mitchell van Bergen,1486
Moanes Dabbur,1487
Mohamed Ali Cho,1488
Mohamed Elneny,1489
Mohamed Elyounoussi,1490
Mohamed Fares,1491
Mohamed Lamine Bayo,1492
Mohamed Salah,1493
Mohamed Simakan,1494
Mohammed Salisu,1495
Moi GA3mez,1496
MoisA(c)s Caicedo,1497
Moise Kean,1498
Monchu,1499
Moreto CassamAPS,1500
Morgan Sanson,1501
Morgan Schneiderlin,1502
Moritz Jenz,1503
Morten Frendrup,1504
Morten Thorsby,1505
Moses Simon,1506
Mouctar Diakhaby,1507
Moussa DembA(c)lA(c),1508
Moussa Diaby,1509
Moussa Djenepo,1510
Moussa Niakhate,1511
Moussa Sissoko,1512
Munir El Haddadi,1513
Musa Barrow,1514
Myron Boadu,1515
Myrto Uzuni,1516
Myziane Maolida,1517
NA(c)lson Semedo,1518
NA(c)stor Araujo,1519
NaA-s Djouahra,1520
Nabil Bentaleb,1521
Nabil Fekir,1522
Naby KeA-ta,1523
Nacho,1524
Nacho Vidal,1525
Nadiem Amiri,1526
Nadir Zortea,1527
Nahitan NA!ndez,1528
Nahuel Molina,1529
Nahuel Tenaglia,1530
Nampalys Mendy,1531
Nani,1532
Nassim Chadli,1533
Nathan AkA(c),1534
Nathan Collins,1535
Nathan de Medina,1536
Nathan Redmond,1537
Nathan Tella,1538
Nathanael Mbuku,1539
Nathaniel Clyne,1540
Nayef Aguerd,1541
Neal Maupay,1542
Nedim Bajrami,1543
NehuA(c)n PA(c)rez,1544
Nemanja Gudelj,1545
Nemanja MaksimoviA++,1546
Nemanja MatiA++,1547
Nemanja Radoja,1548
Neymar,1549
N'Golo KantA(c),1550
Nicholas Gioacchini,1551
Nick Viergever,1552
Nico Elvedi,1553
Nico Ribaudo,1554
Nico Schlotterbeck,1555
Nico Schulz,1556
Nico Williams,1557
Nicola Murru,1558
Nicola Sansone,1559
Nicola Zalewski,1560
NicolA!s DomAnguez,1561
NicolA!s GonzA!lez,1562
NicolA!s Serrano,1563
NicolA2 Barella,1564
NicolA2 Casale,1565
NicolA2 Rovella,1566
NicolA2 Zaniolo,1567
Nicolas Cozza,1568
Nicolas de PrA(c)ville,1569
Nicolas HAPfler,1570
Nicolas Haas,1571
Nicolas Jackson,1572
Nicolas PA(c)pA(c),1573
Nicolas Pallois,1574
Nicolas Viola,1575
Niklas Dorsch,1576
Niklas SA 1/4le,1577
Niklas Stark,1578
Niklas Tauer,1579
Niko GieAYelmann,1580
Nikola KaliniA++,1581
Nikola MaksimoviA++,1582
Nikola MaraA!,1583
Nikola MilenkoviA++,1584
Nikola VlaA!iA++,1585
Nikola VukAeviA++,1586
Nikolas Nartey,1587
Nils Petersen,1588
NjegoA! PetroviA++,1589
Noah Joel Sarenren Bazee,1590
Noah WeiAYhaupt,1591
Nolito,1592
Norbert GyAPmbA(c)r,1593
Nordi Mukiele,1594
Nuno Mendes,1595
Nuno Tavares,1596
Obite N'Dicka,1597
Odilon Kossonou,1598
Odsonne A%0douard,1599
Oghenekaro Etebo,1600
Ohis Felix Uduokhai,1601
Oier Sanjurjo,1602
Oier Zarraga,1603
Oihan Sancet,1604
Okay YokuAYlu,1605
Ola Aina,1606
Oleksandr Zinchenko,1607
Oliver Skipp,1608
Olivier Giroud,1609
Ollie Watkins,1610
Omar Alderete,1611
Omar Colley,1612
Omar Marmoush,1613
Omar Mascarell,1614
Omar Richards,1615
Ondrej Duda,1616
Opa Nguette,1617
OrbelAn Pineda,1618
Orel Mangala,1619
Oriol Busquets,1620
Oriol Romeu,1621
Osman Bukari,1622
OtA!vio,1623
Oualid El Hajjam,1624
Ousmane DembA(c)lA(c),1625
Oussama Idrissi,1626
Ozan Kabak,1627
Ozan Tufan,1628
Pablo Fornals,1629
Pablo Galdames MillA!n,1630
Pablo Maffeo,1631
Pablo MarA,1632
Pablo MartAnez,1633
Pablo Piatti,1634
Pablo Rosario,1635
Paco AlcA!cer,1636
Paolo Ghiglione,1637
Papa Ndiaga Yade,1638
Pape Gueye,1639
Pape Matar Sarr,1640
Papu GA3mez,1641
Pascal GroAY,1642
Pascal Stenzel,1643
Pascal Struijk,1644
Pasquale Mazzocchi,1645
PathA(c) Ciss,1646
Patric,1647
Patrick Bamford,1648
Patrick Berg,1649
Patrick Cutrone,1650
Patrick Herrmann,1651
Patrick Osterhage,1652
Patrick Wimmer,1653
Patrik Schick,1654
Patson Daka,1655
Pau Torres,1656
Paul Akouokou,1657
Paul Jaeckel,1658
Paul Lasne,1659
Paul Nebel,1660
Paul Pogba,1661
Paul Seguin,1662
Paulinho,1663
Paulo Dybala,1664
Paulo OtA!vio,1665
Pavel KadeA(tm)A!bek,1666
"PaweA, Dawidowicz",1667
"PaweA, JaroszyA,,ski",1668
Pedri,1669
Pedro,1670
Pedro Bigas,1671
Pedro Chirivella,1672
Pedro Neto,1673
Pedrosa,1674
Pere Milla,1675
Pere Pons,1676
Pervis EstupiA+-A!n,1677
Petar StojanoviA++,1678
Peter PekarAk,1679
Petko Hristov,1680
Phil Foden,1681
Philipp FAPrster,1682
Philipp Klement,1683
Philipp Lienhart,1684
Philippe Coutinho,1685
Philippe Koffi,1686
Piero HincapiA(c),1687
"Pierre HA,jbjerg",1688
Pierre Kalulu,1689
Pierre Lees-Melou,1690
Pierre-Emerick Aubameyang,1691
Pierre-Yves Hamel,1692
Pierrick Capelle,1693
Pietro Ceccaroni,1694
Pietro Pellegri,1695
"Piotr ZieliA,,ski",1696
Pol Lirola,1697
Pontus Jansson,1698
Portu,1699
Presnel Kimpembe,1700
"PrzemysA,aw Frankowski",1701
"PrzemysA,aw PA,acheta",1702
Pubill,1703
Quentin Boisgard,1704
Quentin Merlin,1705
Quini,1706
RA(c)my Cabella,1707
RaAol Albiol,1708
RaAol de TomA!s,1709
RaAol GarcAa,1710
RaAol Guti,1711
RaAol JimA(c)nez,1712
RaAol Moro,1713
RaAol Torrente,1714
Radamel Falcao,1715
Rade KruniA++,1716
Radu DrAfguE(tm)in,1717
Rafa Mir,1718
Rafael BorrA(c),1719
Rafael Czichos,1720
Rafael LeAPSo,1721
Rafael TolA3i,1722
Rafiki Said Ahamada,1723
Rafinha,1724
RAfzvan Marin,1725
Ragnar Ache,1726
Raheem Sterling,1727
Ramy Bensebaini,1728
Randal Kolo Muani,1729
Randy Ntekja,1730
Rani Khedira,1731
RAoben Dias,1732
RAoben Neves,1733
RAoben Vezo,1734
Raoul Bellanova,1735
RaphaA<<l Guerreiro,1736
RaphaA<<l Varane,1737
Raphael Framberger,1738
Raphinha,1739
Rayan AA-t Nouri,1740
Rayan Cherki,1741
Reece James,1742
Reece Oxford,1743
Reinier,1744
Reinildo Mandava,1745
Remi Oudin,1746
Remo Freuler,1747
Renan Lodi,1748
Renato Sanches,1749
Renato Steffen,1750
Renato Tapia,1751
Renaud Emond,1752
Renaud Ripart,1753
Rey Manaj,1754
Ricardo Mangas,1755
Ricardo Pepi,1756
Ricardo Pereira,1757
Ricardo RodrAguez,1758
Riccardo Calafiori,1759
Riccardo Ciervo,1760
Riccardo Fiamozzi,1761
Riccardo Gagliolo,1762
Riccardo Marchizza,1763
Riccardo Orsolini,1764
Riccardo Saponara,1765
Riccardo Sottil,1766
Richarlison,1767
Rick Karsdorp,1768
Rico Henry,1769
Ridgeciano Haps,1770
Ridle Baku,1771
Riqui Puig,1772
Riyad Mahrez,1773
Rob Holding,1774
Rober,1775
Robert Andrich,1776
Robert Gumny,1777
Robert Lewandowski,1778
Robert Skov,1779
Robert Tesche,1780
Roberto Firmino,1781
Roberto Gagliardini,1782
Roberto Massimo,1783
Roberto Navarro,1784
Roberto Pereyra,1785
Roberto Piccoli,1786
Roberto Soldado,1787
Roberto Soriano,1788
Roberto Torres,1789
Robin Gosens,1790
Robin Hack,1791
Robin Knoche,1792
Robin Koch,1793
Robin Le Normand,1794
Rodri,1795
Rodrigo,1796
Rodrigo Battaglia,1797
Rodrigo BecAPSo,1798
Rodrigo Bentancur,1799
Rodrigo De Paul,1800
Rodrygo,1801
RogA(c)rio,1802
Roger Ibanez,1803
Roger MartA,1804
Roland Sallai,1805
Rolando Mandragora,1806
Roli Pereira de Sa,1807
Romain Del Castillo,1808
Romain Faivre,1809
Romain Hamouma,1810
Romain Perraud,1811
Romain SaA-ss,1812
Romain Thomas,1813
Romelu Lukaku,1814
Rominigue KouamA(c),1815
RonaA<<l Pierre-Gabriel,1816
Ronald AraAojo,1817
Ross Barkley,1818
Ruan,1819
RubA(c)n Alcaraz,1820
RubA(c)n Duarte,1821
RubA(c)n GarcAa,1822
RubA(c)n PeA+-a,1823
RubA(c)n Rochina,1824
RubA(c)n Sobrino,1825
Ruben Aguilar,1826
Ruben Loftus-Cheek,1827
Ruben Vargas,1828
Ruslan Malinovskyi,1829
Ryad Boudebouz,1830
Ryan Fraser,1831
Ryan Fredericks,1832
Ryan Sessegnon,1833
SA(c)amus Coleman,1834
SA(c)bastien Corchia,1835
SA(c)rgio Oliveira,1836
SaA!a LukiA++,1837
SaA-d Benrahma,1838
SaA(r)f-Eddine Khaoui,1839
SaAol A'Aguez,1840
Sacha Delaye,1841
Sada Thioub,1842
Sadio ManA(c),1843
Saidou Sow,1844
Salih A-zcan,1845
Salis Abdul Samed,1846
SalomA3n RondA3n,1847
Salva Sevilla,1848
Salvador Ferrer,1849
Salvi,1850
Sam Byram,1851
Sam Greenwood,1852
Sam Lammers,1853
Saman Ghoddos,1854
Sambou Sissoko,1855
Sambou Soumano,1856
Samir Santos,1857
Samu Castillejo,1858
Samuel Chukwueze,1859
Samuel Kalu,1860
Samuel Moutoussamy,1861
Samuele Ricci,1862
Sandro RamArez,1863
Sandro Tonali,1864
Sanjin PrciA++,1865
Santi ComesaA+-a,1866
Santi Mina,1867
Santiago Arias,1868
Santiago Arzamendia,1869
Santiago AscacAbar,1870
Sardar Azmoun,1871
Sargis Adamyan,1872
Sasa Kalajdzic,1873
Scott McTominay,1874
Sead KolaA!inac,1875
Sean Longstaff,1876
Sebastiaan Bornauw,1877
Sebastian Andersson,1878
Sebastian Griesbeck,1879
Sebastian Polter,1880
Sebastian Rode,1881
Sebastian Rudy,1882
Sebastian Vasiliadis,1883
Sebastian Walukiewicz,1884
Sebastiano Luperto,1885
Sehrou Guirassy,1886
Seko Fofana,1887
Sekou Mara,1888
Sepe Elye Wahi,1889
Serge Aurier,1890
Serge Gnabry,1891
Sergej MilinkoviA++-SaviA++,1892
Sergi CanA3s,1893
Sergi Darder,1894
Sergi GA3mez,1895
Sergi Guardiola,1896
Sergi Roberto,1897
SergiA+-o Dest,1898
Sergio Busquets,1899
Sergio CA3rdova,1900
Sergio Canales,1901
Sergio Escudero,1902
Sergio Postigo,1903
Sergio Ramos,1904
Sergio ReguilA3n,1905
Shandon Baptiste,1906
Shane Duffy,1907
Shane Long,1908
Sheraldo Becker,1909
Shkodran Mustafi,1910
Sikou NiakatA(c),1911
Silas Katompa,1912
"SilvA""re Ganvoula M'Boussy",1913
Silvan Hefti,1914
Silvan Widmer,1915
Simeon Nwankwo,1916
Simon Asta,1917
Simon KjA|r,1918
Simon Zoller,1919
Simone Bastoni,1920
Simone Romagnoli,1921
Simone Verdi,1922
Simone Zaza,1923
Sinaly Diomande,1924
Sofian Kiyine,1925
Sofiane Boufal,1926
Sofiane Diop,1927
Sofyan Amrabat,1928
Solly March,1929
Son,1930
Son Heung-min,1931
Souleyman Doumbia,1932
StA(c)phane Bahoken,1933
StA(c)phane Diarra,1934
Stanislav Lobotka,1935
Stefan Bell,1936
Stefan de Vrij,1937
Stefan Ilsanker,1938
Stefan Lainer,1939
Stefan MitroviA++,1940
Stefan Posch,1941
Stefan SaviA++,1942
Stefan Strandberg,1943
Stefano Sabelli,1944
Stefano Sensi,1945
Stefano Sturaro,1946
Steffen Tigges,1947
Stephan El Shaarawy,1948
Stephy Mavididi,1949
Stevan JovetiA++,1950
Steve MouniA(c),1951
Steven Alzate,1952
Steven Bergwijn,1953
Stian Rode Gregersen,1954
Strahinja PavloviA++,1955
Stuart Armstrong,1956
Stuart Dallas,1957
Suat Serdar,1958
Suf Podgoreanu,1959
Suk Hyun-jun,1960
Suso,1961
Sven Botman,1962
Sven Michel,1963
Szymon A>>urkowski,1964
TA(c)ji Savanier,1965
Tachi,1966
Taiwo Awoniyi,1967
Takefusa Kubo,1968
Takehiro Tomiyasu,1969
Takuma Asano,1970
Takumi Minamino,1971
Tammy Abraham,1972
Tanguy Coulibaly,1973
Tanguy Ndombele,1974
Tanguy Nianzou,1975
Tanner Tessmann,1976
Tariq Lamptey,1977
Teemu Pukki,1978
Terem Moffi,1979
TetAa,1980
Tete Morente,1981
Teun Koopmeiners,1982
Theo HernA!ndez,1983
Theo Walcott,1984
Thiago AlcA!ntara,1985
Thiago Galhardo,1986
Thiago Mendes,1987
Thiago Silva,1988
Thierry Correia,1989
Thilo Kehrer,1990
Thomas Delaine,1991
Thomas Delaney,1992
Thomas Foket,1993
Thomas Henry,1994
Thomas Lemar,1995
Thomas MA 1/4ller,1996
Thomas Mangani,1997
Thomas Meunier,1998
Thomas Monconduit,1999
Thomas Partey,2000
Thorgan Hazard,2001
Thuler,2002
Tiago DjalA3,2003
Tiago TomA!s,2004
TiemouA(c) Bakayoko,2005
Tim Lemperle,2006
Timo Baumgartl,2007
Timo HA 1/4bers,2008
Timo Werner,2009
TimothA(c)e Kolodziejczak,2010
Timothee Pembele,2011
Timothy Castagne,2012
Timothy Chandler,2013
Timothy Fosu-Mensah,2014
Timothy Tillman,2015
Timothy Weah,2016
Tino Kadewere,2017
Tobias Raschl,2018
Tobias Strobl,2019
Todd Cantwell,2020
Tolgay Arslan,2021
Tom Cleverley,2022
Tom Davies,2023
Tom Lacoux,2024
Toma BaA!iA++,2025
TomA!A! SouAek,2026
TomA!s AlarcA3n,2027
TomA!s Pina Isla,2028
TomA!s RincA3n,2029
Tommaso Augello,2030
Tommaso Pobega,2031
Toni Kroos,2032
Toni Lato,2033
Toni Moya,2034
Tonny Vilhena,2035
Trent Alexander-Arnold,2036
Trevoh Chalobah,2037
Tristan DingomA(c),2038
Tuta,2039
Tyler Adams,2040
Tyler Roberts,2041
Tyrick Mitchell,2042
Tyrone Mings,2043
Tyronne Ebuehi,2044
Unai GarcAa,2045
Unai LA3pez,2046
Unai NAoA+-ez,2047
Unai Vencedor Paris,2048
UroA! RaAiA++,2049
VActor Camarasa,2050
VActor Chust,2051
VActor DAaz,2052
VActor Laguardia,2053
VActor Ruiz,2054
"ValA""re Germain",2055
Valentin Rongier,2056
Valentino Livramento,2057
Valerio Verre,2058
Valon Behrami,2059
Valon Berisha,2060
Vanderson,2061
Varazdat Haroyan,2062
Vassilis Lambropoulos,2063
Vedat Muriqi,2064
Vicente Iborra,2065
Victor LindelAPf,2066
Victor Osimhen,2067
Viktor Kovalenko,2068
Vincent Le Goff,2069
Vincent Manceau,2070
Vincent Pajot,2071
Vincenzo Grifo,2072
Vinicius JAonior,2073
Virgil van Dijk,2074
Vital N'Simba,2075
Vitaliy Mykolenko,2076
Vitaly Janelt,2077
Vitolo,2078
Vlad ChiricheE(tm),2079
VladimAr Coufal,2080
VladimAr Darida,2081
Wahbi Khazri,2082
Wahidullah Faghir,2083
Wajdi Kechrida,2084
Walace,2085
Waldemar Anton,2086
Waniss Taibi,2087
Warmed Omari,2088
Warren TchimbembA(c),2089
Wataru Endo,2090
Wesley Fofana,2091
Wesley SaA-d,2092
Weston McKennie,2093
Wilfred Ndidi,2094
Wilfried Singo,2095
Wilfried Zaha,2096
Will Hughes,2097
Willem Geubbels,2098
Willi Orban,2099
William Carvalho,2100
William Mikelbrencis,2101
William Saliba,2102
William Troost-Ekong,2103
Willian JosA(c),2104
Willy Boly,2105
Wissam Ben Yedder,2106
Wout Faes,2107
Wout Weghorst,2108
Wu Lei,2109
Wylan Cyprien,2110
Xaver Schlager,2111
Xavi Simons,2112
Xavier Chavalerin,2113
Xeka,2114
Xherdan Shaqiri,2115
Ximo Navarro,2116
Yacine Adli,2117
Yan Brice Eteki,2118
Yan Valery,2119
Yangel Herrera,2120
Yannick Cahuzac,2121
Yannick Carrasco,2122
Yannick Gerhardt,2123
Yannik Keitel,2124
Yasser Larouci,2125
Yayah Kallon,2126
Yeray Alvarez,2127
Yeremi Pino,2128
Yerry Mina,2129
Yoane Wissa,2130
Yoann Salmier,2131
Yoann Touzghar,2132
Yohann Magnin,2133
Youcef Atal,2134
Youcef BelaA-li,2135
Youri Tielemans,2136
Youssef En-Nesyri,2137
Youssef Maleh,2138
Youssouf Fofana,2139
Youssouf KonA(c),2140
Youssouf Sabaly,2141
Youssoufa Moukoko,2142
Youssouph Badji,2143
Yunis Abdelhamid,2144
Yunus Musah,2145
Yuri Berchiche,2146
Yussuf Poulsen,2147
Yusuf Demir,2148
Yusuf YazA+-cA+-,2149
Yvan Neyou,2150
Yvann Macon,2151
Yves Bissouma,2152
Zaydou Youssouf,2153
Zeki A++elik,2154
Zinho Vanheusden,2155
Zlatan IbrahimoviA++,2156
